model,OwlPPL,WebPPL,Anglican,err-OwlPPL,err-WebPPL,err-Anglican
mh,15946.6666667,109682.666667,391389.333333,27.2422504101,3152.91996982,31985.5921048
smc,15981.3333333,108556.0,366654.666667,48.2347051943,927.560321896,19775.2252026
rej,15953.3333333,109880.0,401465.333333,69.3723924168,1770.67170923,47540.5366842