,rejection,importance,metropolis hastings,particle filter
coin,0.895793892046,0.243719262886,0.391381549312,0.544000635464
