samples,mh,rejection,importance,smc
100,0.023635754139,-0.0591256862772,0.0180894781896,0.0243545618198
316,0.0106373036247,0.00760902076126,0.00410962519613,0.0111739295056
1000,0.00701978079303,0.016228221452,0.00564787520554,0.00601755738712
3162,0.00526242263063,-0.0166717135272,0.00274938334244,0.00488327552623
10000,0.00333104172441,-0.0632197170372,0.00423272301417,0.00384434918913
