model,OwlPPL,WebPPL,Anglican,err-OwlPPL,err-WebPPL,err-Anglican
mh,15908.0,110041.333333,409188.0,53.3017506488,1286.56888738,16218.7353353
smc,15866.6666667,104892.0,364578.666667,54.8592553385,1319.19244361,39706.1349822
rej,15909.3333333,104672.0,385780.0,43.3109576418,1378.11649938,41871.95977