n,importance,
1.000000000000000,102.923154830932617,
2500.750000000000000,16967.500925064086914,
5000.500000000000000,44165.169954299926758,
7500.250000000000000,80806.118965148925781,
10000.000000000000000,117236.442089080810547,
